{"0.8123332774604051":{"user_id":1},"0.8250569241329861":{"user_id":1},"0.13558807897439906":{"user_id":3},"0.7281126887040521":{"user_id":1},"0.07008023026756782":{"user_id":1},"0.4759641045547831":{"user_id":1},"0.7277468629313861":{"user_id":3}}